id,first_name,last_name,email,gender,ip_address
1,Annabell,Bentinck,abentinck0@mapy.cz,Female,58.61.141.234
2,Cilka,Merrill,cmerrill1@illinois.edu,Female,55.244.164.10
3,Calla,Stollwerck,cstollwerck2@cocolog-nifty.com,Female,34.144.153.189
4,Pauly,Pickthorne,ppickthorne3@macromedia.com,Male,59.180.3.122
5,Matthias,Halton,mhalton4@businesswire.com,Male,102.82.162.189
6,Lyn,Halston,lhalston5@bing.com,Female,209.190.61.163
7,Gawain,Houlston,ghoulston6@harvard.edu,Male,227.100.124.221
8,Kariotta,Stotherfield,kstotherfield7@tripod.com,Female,130.87.80.85
9,Benny,Panniers,bpanniers8@moonfruit.com,Female,99.243.74.208
10,Allister,Bernardi,abernardi9@instagram.com,Male,45.210.112.131
